Shelly Elmore,1st,639423657898
Charolette Erben,1st,639423657898
Shirely Defazio,1st,639423657898
Xiao Heilmann,1st,639423657898
Cheryll Tardugno,1st,639423657898
Silvana Grainger,1st,639423657898
Kevin Florentino,1st,639423657898
Salvatore Jeanlouis,1st,639423657898
Donella Weidemann,1st,639423657898
Brenna Bob,1st,639423657898
Archie Geisel,1st,639423657898
Belia Counts,1st,639423657898
Mahalia Buschman,1st,639423657898
Rosaria Timko,1st,639423657898
Zaida Segundo,1st,639423657898
Basilia Guptill,1st,639423657898
Nickole Rimmer,1st,639423657898
Lorriane Schultz,1st,639423657898
Tyler Cipolla,1st,639423657898
Kia Badon,1st,639423657898
Sadye Yager,1st,639423657898
Dyan Leary,1st,639423657898
Tamisha Raffa,1st,639423657898
Aurora Schulman,1st,639423657898
Gloria Murtha,1st,639423657898
Angila Dimuzio,1st,639423657898
Annette Garraway,1st,639423657898
Marylynn Romberg,1st,639423657898
Rocky Shawver,1st,639423657898
Yasmine Ebert,1st,639423657898
Vernell Pyles,1st,639423657898
Mika Grey,1st,639423657898
Ok Mulford,1st,639423657898
Guadalupe Epling,1st,639423657898
Alvina Friedman,1st,639423657898
Cherryl Edlin,1st,639423657898
Alonzo Munns,1st,639423657898
Loree Kiely,1st,639423657898
Sibyl Gloor,1st,639423657898
Valeria Petrin,1st,639423657898
Ludie Teal,1st,639423657898
Yolando Pecor,1st,639423657898
Alysia Harton,1st,639423657898
Anjanette Brook,1st,639423657898
Adena Shoop,1st,639423657898
Laurinda Broadnax,1st,639423657898
Jessie Bundick,1st,639423657898
Larry Rodriques,1st,639423657898
Chana Villagomez,1st,639423657898
Juana Hadley,1st,639423657898
